subject_names,subject_age,subject_sex,randomnumbers
S01,26,F,0.0975404049994095
S02,19,F,0.278498218867048
S03,22,M,0.546881519204984
S04,24,F,0.957506835434298
S05,37,M,0.964888535199277
S06,31,M,0.157613081677548
S07,21,F,0.970592781760616
S08,19,F,0.957166948242946
